"_id","basisOfRecord","catalogNumber","class","collectionCode","continent","coordinateUncertaintyInMeters","country","datasetID","dynamicProperties","earliestAgeOrLowestStage","earliestEonOrLowestEonothem","earliestEpochOrLowestSeries","earliestEraOrLowestErathem","earliestPeriodOrLowestSystem","family","formation","genus","group","higherClassification","higherGeography","identificationQualifier","identifiedBy","infraspecificEpithet","institutionCode","kingdom","latestAgeOrHighestStage","latestEonOrHighestEonothem","latestEpochOrHighestSeries","latestEraOrHighestErathem","latestPeriodOrHighestSystem","locality","modified","occurrenceID","occurrenceStatus","order","otherCatalogNumbers","phylum","recordedBy","samplingProtocol","scientificName","scientificNameAuthorship","specificEpithet","stateProvince","subgenus","typeStatus"
"2685617","Occurrence","PI E 83670","Echinoidea","PAL","","","","05ff2255-c38a-40c9-b657-4ccb55ab2feb","{""created"": 1361361788000, ""gbifID"": ""1883670770"", ""subDepartment"": ""ES Echinodermata"", ""donorName"": ""Sir Hans Sloane"", ""catalogueDescription"": ""Complete specimen"", ""chronostratigraphy"": ""Cretaceous"", ""lithostratigraphy"": ""Upper Greensand Formation"", ""determinationNames"": [""Holaster sp."", ""Holaster sp.""], ""associatedMediaCount"": 2}","","Phanerozoic","","Mesozoic","Cretaceous","","Upper Greensand Formation","Holaster","","Echinoidea","","","","","NHMUK","","","Phanerozoic","","Mesozoic","Cretaceous","","1612981096000","dc28578a-4b9f-47c1-95f6-111f1b56db6a","present","","NHMUK:ecatalogue:2685617","","","","Holaster sp.","","sp.","","",""
"2683130","Occurrence","PV P 73130","Chondrichthyes","PAL","North America","79776.97496","United States","05ff2255-c38a-40c9-b657-4ccb55ab2feb","{""created"": 1361277391000, ""gbifID"": ""1825748618"", ""subDepartment"": ""ES Fish"", ""donorName"": ""Sir Hans Sloane"", ""catalogueDescription"": ""vertebra"", ""chronostratigraphy"": ""Jurassic"", ""lithostratigraphy"": ""Phosphate Beds"", ""determinationNames"": ""Carcharhinidae"", ""associatedMediaCount"": 2}","","Phanerozoic","","Mesozoic","Jurassic","Carcharhinidae","Phosphate Beds","","","Animalia; Chordata; Vertebrata; Chondrichthyes; Carcharhiniformes; Carcharhinidae","North America; United States; South Carolina","","","","NHMUK","Animalia","","Phanerozoic","","Mesozoic","Jurassic","","1614703660000","708788bc-ec96-44e2-a606-0a09f47b2f4d","present","Carcharhiniformes","NHMUK:ecatalogue:2683130","Chordata","","","Carcharhinidae","Jordon & evermann, 1896","","South Carolina","",""
"2685624","Occurrence","PI E 83671","","PAL","Europe","","United Kingdom","05ff2255-c38a-40c9-b657-4ccb55ab2feb","{""created"": 1361362444000, ""gbifID"": ""1883670773"", ""gbifIssue"": [""TAXON_MATCH_FUZZY""], ""subDepartment"": ""ES Echinodermata"", ""donorName"": ""Sir Hans Sloane"", ""catalogueDescription"": ""Largest size"", ""chronostratigraphy"": ""Jurassic, Middle Jurassic, Bathonian"", ""lithostratigraphy"": ""Inferior Oolite Formation"", ""determinationNames"": ""Echinites discoides"", ""associatedMediaCount"": 2}","Bathonian","Phanerozoic","Middle Jurassic","Mesozoic","Jurassic","","Inferior Oolite Formation","","","","Europe; United Kingdom; England","","","","NHMUK","","Bathonian","Phanerozoic","Middle Jurassic","Mesozoic","Jurassic","Cotswolds","1612981096000","567022f5-fa11-492c-ae06-e8fad0917629","present","","NHMUK:ecatalogue:2685624","","","","Echinites discoides","","","England","",""
"2683128","Occurrence","PI AZ 10279","Anthozoa","PAL","Europe","","United Kingdom","05ff2255-c38a-40c9-b657-4ccb55ab2feb","{""created"": 1361277116000, ""gbifID"": ""1825748619"", ""subDepartment"": ""ES Cnidaria"", ""donorName"": ""Sir Hans Sloane"", ""catalogueDescription"": ""coral"", ""chronostratigraphy"": ""Jurassic"", ""lithostratigraphy"": ""Portland Group"", ""determinationNames"": ""Isastrea oblonga"", ""associatedMediaCount"": 1}","","Phanerozoic","","Mesozoic","Jurassic","Thecosmiliidae","","Isastrea","Portland Group","Animalia; Cnidaria; Anthozoa; Scleractinia; Thecosmiliidae","Europe; United Kingdom; England; Wiltshire","","","","NHMUK","Animalia","","Phanerozoic","","Mesozoic","Jurassic","Salisbury, Pit on Devizes Road , 1 mile NW of Salisbury","1638296444000","e7274362-11a6-49f3-822c-cd7cdec0b3c5","present","Scleractinia","NHMUK:ecatalogue:2683128","Cnidaria","","","Isastrea oblonga","(Fleming, 1827)","oblonga","England","",""
"2685657","Occurrence","PI E 83676","","PAL","Europe","","Switzerland","05ff2255-c38a-40c9-b657-4ccb55ab2feb","{""created"": 1361370918000, ""gbifID"": ""1883670769"", ""gbifIssue"": [""TAXON_MATCH_HIGHERRANK""], ""subDepartment"": ""ES Echinodermata"", ""donorName"": ""Sir Hans Sloane"", ""catalogueDescription"": ""Complete"", ""chronostratigraphy"": ""Jurassic"", ""determinationNames"": [""Echinites ovarius"", ""Schizaster sp.""], ""associatedMediaCount"": 2}","","Phanerozoic","","Mesozoic","Jurassic","","","","","","Europe; Switzerland","","","","NHMUK","","","Phanerozoic","","Mesozoic","Jurassic","Nearest Named Place: Neuchatel","1612981096000","e513d944-a298-49bb-b773-ae204670fbeb","present","","NHMUK:ecatalogue:2685657","","","","Echinites ovarius","","","","",""
"7526769","Occurrence","PI E 83920","","PAL","","","","05ff2255-c38a-40c9-b657-4ccb55ab2feb","{""created"": 1484764699000, ""gbifID"": ""1883673290"", ""subDepartment"": ""ES Echinodermata"", ""donorName"": ""Sir Hans Sloane"", ""catalogueDescription"": ""Complete specimen slightly damaged"", ""chronostratigraphy"": ""Cretaceous, Late Cretaceous"", ""lithostratigraphy"": ""Chalk Group"", ""determinationNames"": [""Micraster cor-anguinum Leske"", ""Echinus spatagus""], ""determinationFiledAs"": [""Yes"", ""Yes""], ""associatedMediaCount"": 1}","","Phanerozoic","Late Cretaceous","Mesozoic","Cretaceous","","","","Chalk Group","","","","","","NHMUK","","","Phanerozoic","Late Cretaceous","Mesozoic","Cretaceous","","1612982195000","1de5bc06-60ce-4c76-9e6e-5faca745c947","present","","NHMUK:ecatalogue:7526769","","","","Micraster cor-anguinum Leske","","","","",""
"2685650","Occurrence","PI E 83673","","PAL","Europe","","United Kingdom","05ff2255-c38a-40c9-b657-4ccb55ab2feb","{""created"": 1361368442000, ""gbifID"": ""1883670772"", ""gbifIssue"": [""TAXON_MATCH_FUZZY""], ""subDepartment"": ""ES Echinodermata"", ""donorName"": ""Sir Hans Sloane"", ""catalogueDescription"": ""Complete"", ""chronostratigraphy"": ""Cretaceous, Late Cretaceous, Campanian"", ""lithostratigraphy"": ""Chalk Group, Upper Chalk Formation"", ""determinationNames"": [""Echinites galeatus"", ""Echinocorys scutatus Leske""], ""associatedMediaCount"": 2}","Campanian","Phanerozoic","Late Cretaceous","Mesozoic","Cretaceous","","Upper Chalk Formation","","Chalk Group","","Europe; United Kingdom; England; Oxfordshire","","","","NHMUK","","Campanian","Phanerozoic","Late Cretaceous","Mesozoic","Cretaceous","Nearest Named Place: Pyrton","1612981096000","2a6a8b1c-132f-4a33-bad8-94c8e024fd66","present","","NHMUK:ecatalogue:2685650","","","","Echinites galeatus","","","England","",""
"2685651","Occurrence","PI E 83674","","PAL","Europe","","Spain","05ff2255-c38a-40c9-b657-4ccb55ab2feb","{""created"": 1361369325000, ""gbifID"": ""1883670767"", ""gbifIssue"": [""TAXON_MATCH_HIGHERRANK""], ""subDepartment"": ""ES Echinodermata"", ""donorName"": ""Sir Hans Sloane"", ""catalogueDescription"": ""Complete"", ""determinationNames"": [""Echinites ovarius"", ""Schizaster sp.""], ""associatedMediaCount"": 2}","","","","","","","","","","","Europe; Spain","","","","NHMUK","","","","","","","Barcelona","1612981096000","483a8ce5-acc3-49e4-9623-d1a4e6b33f96","present","","NHMUK:ecatalogue:2685651","","","","Echinites ovarius","","","","",""
"2686412","Occurrence","PI TG 26542","","PAL","Europe","","United Kingdom","05ff2255-c38a-40c9-b657-4ccb55ab2feb","{""created"": 1361803595000, ""gbifID"": ""1825748620"", ""subDepartment"": ""ES Mollusca"", ""donorName"": ""Sir Hans Sloane"", ""catalogueDescription"": ""Complete specimen"", ""chronostratigraphy"": ""Paleogene, Eocene, Bartonian"", ""determinationNames"": ""Athleta (Volutospina) luctator"", ""associatedMediaCount"": 2}","Bartonian","Phanerozoic","Eocene","Cenozoic","Paleogene","","","Athleta","","","Europe; United Kingdom; England; Hampshire","","","","NHMUK","","Bartonian","Phanerozoic","Eocene","Cenozoic","Paleogene","Lymington, Lymington","1612388029000","13e317fc-128e-4e5e-8220-1b263d76d38c","present","","NHMUK:ecatalogue:2686412","","","Field","Athleta (Volutospina) luctator","","luctator","England","Volutospina",""
"2685682","Occurrence","PA E 7609","","PAL","","","","05ff2255-c38a-40c9-b657-4ccb55ab2feb","{""created"": 1361373904000, ""subDepartment"": ""Anthropology"", ""collectionName"": ""Sloane"", ""donorName"": ""Sir Hans Sloane"", ""catalogueDescription"": ""flint""}","","","","","","","","","","","","","","","NHMUK","","","","","","","","1610531879000","6c991aa1-20ca-4f5a-a763-678cf2309a34","present","","NHMUK:ecatalogue:2685682","","","","","","","","",""
"2718792","Occurrence","PI E 83683","","PAL","Europe","","United Kingdom","05ff2255-c38a-40c9-b657-4ccb55ab2feb","{""created"": 1365521477000, ""gbifID"": ""1883670777"", ""gbifIssue"": [""TAXON_MATCH_FUZZY""], ""subDepartment"": ""ES Echinodermata"", ""donorName"": ""Sir Hans Sloane"", ""catalogueDescription"": ""two individuals, one of them slightly damaged"", ""chronostratigraphy"": ""Cretaceous"", ""lithostratigraphy"": ""Chalk Group"", ""determinationNames"": [""Echinites galeatus vulgaris"", ""Echinocorys scutatus Leske""], ""associatedMediaCount"": 1}","","Phanerozoic","","Mesozoic","Cretaceous","","","","Chalk Group","","Europe; United Kingdom; England; London","","","","NHMUK","","","Phanerozoic","","Mesozoic","Cretaceous","Greenwich","1612981169000","13bb39ed-b33b-4ed7-9b93-a88f16f4c566","present","","NHMUK:ecatalogue:2718792","","","","Echinites galeatus vulgaris","","","England","",""
"8284095","Occurrence","PI E 83923","Echinoidea","PAL","","","","05ff2255-c38a-40c9-b657-4ccb55ab2feb","{""created"": 1520508398000, ""gbifID"": ""1836107217"", ""subDepartment"": ""ES Echinodermata"", ""donorName"": ""Sir Hans Sloane"", ""chronostratigraphy"": ""Jurassic, Middle Jurassic, Bathonian"", ""lithostratigraphy"": ""Great Oolite Group"", ""determinationNames"": [""Clypeus plotii Leske, 1778"", ""Clypeus sinuatus Leske, 1778"", ""Galerites patella"", ""Clypeus plotii Leske, 1778""]}","Bathonian","Phanerozoic","Middle Jurassic","Mesozoic","Jurassic","","","Clypeus","Great Oolite Group","Animalia; Echinodermata; Echinoidea; Cassiduloida","","","","","NHMUK","Animalia","Bathonian","Phanerozoic","Middle Jurassic","Mesozoic","Jurassic","","1612981182000","b4f69500-c350-4fa3-b2ad-f82e1a691d9b","present","Cassiduloida","NHMUK:ecatalogue:8284095","Echinodermata","","","Clypeus plotii Leske, 1778","Leske, 1778","plotii","","",""
"2685653","Occurrence","PI E 83675","","PAL","North America","","United States","05ff2255-c38a-40c9-b657-4ccb55ab2feb","{""created"": 1361369870000, ""gbifID"": ""1883670768"", ""subDepartment"": ""ES Echinodermata"", ""donorName"": ""Sir Hans Sloane"", ""catalogueDescription"": ""Two fragments of an individual"", ""chronostratigraphy"": ""Cenozoic"", ""determinationNames"": [""Echinites"", ""Mellita""], ""associatedMediaCount"": 2}","","Phanerozoic","","Cenozoic","","","","","","","North America; United States; Maryland","","","","NHMUK","","","Phanerozoic","","Cenozoic","","","1640777336000","d459707e-e13e-4308-97f5-27974ab895ef","present","","NHMUK:ecatalogue:2685653","","","","Echinites","Leske","","Maryland","",""
"2685684","Occurrence","PA E 7610","","PAL","","","","05ff2255-c38a-40c9-b657-4ccb55ab2feb","{""created"": 1361373956000, ""subDepartment"": ""Anthropology"", ""donorName"": ""Sir Hans Sloane"", ""catalogueDescription"": ""Indeterminate stone object (see image of it in Multimedia section for this record)""}","","","","","","","","","","","","","","","NHMUK","","","","","","","","1610531878000","0da7d41d-567d-4ab7-b75d-116382cea658","present","","NHMUK:ecatalogue:2685684","","","","","","","","",""
"2685659","Occurrence","PI E 83677","","PAL","Europe","","United Kingdom","05ff2255-c38a-40c9-b657-4ccb55ab2feb","{""created"": 1361371315000, ""gbifID"": ""1883670774"", ""gbifIssue"": [""TAXON_MATCH_FUZZY""], ""subDepartment"": ""ES Echinodermata"", ""donorName"": ""Sir Hans Sloane"", ""catalogueDescription"": ""two individuals, one of them slightly damaged"", ""chronostratigraphy"": ""Cretaceous"", ""lithostratigraphy"": ""Chalk Group"", ""determinationNames"": [""Echinites galeatus vulgaris"", ""Echinocorys scutatus Leske""], ""associatedMediaCount"": 2}","","Phanerozoic","","Mesozoic","Cretaceous","","","","Chalk Group","","Europe; United Kingdom; England; London","","","","NHMUK","","","Phanerozoic","","Mesozoic","Cretaceous","Greenwich","1612981169000","fc7e3541-80e7-41b0-b304-752fbe26bf83","present","","NHMUK:ecatalogue:2685659","","","","Echinites galeatus vulgaris","","","England","",""
"2686971","Occurrence","PX TF 273","","PAL","Europe","","United Kingdom","05ff2255-c38a-40c9-b657-4ccb55ab2feb","{""created"": 1361978623000, ""gbifID"": ""1825748621"", ""subDepartment"": ""Trace fossils"", ""donorName"": ""Sir Hans Sloane"", ""chronostratigraphy"": ""Paleogene, Eocene"", ""lithostratigraphy"": ""Thames Group, London Clay"", ""determinationNames"": ""Teredolites"", ""associatedMediaCount"": 1}","","Phanerozoic","Eocene","Cenozoic","Paleogene","","London Clay","","Thames Group","","Europe; United Kingdom; England; London","","","","NHMUK","","","Phanerozoic","Eocene","Cenozoic","Paleogene","Highgate","1635251279000","99345830-4314-4f9d-942a-87425a684228","present","","NHMUK:ecatalogue:2686971","","","","Teredolites","","","England","",""
"2685634","Occurrence","PI E 83672","","PAL","Europe","33.219832","United Kingdom","05ff2255-c38a-40c9-b657-4ccb55ab2feb","{""created"": 1361363570000, ""gbifID"": ""1883670766"", ""gbifIssue"": [""TAXON_MATCH_FUZZY""], ""subDepartment"": ""ES Echinodermata"", ""donorName"": ""Sir Hans Sloane"", ""catalogueDescription"": ""Complete"", ""chronostratigraphy"": ""Cretaceous, Late Cretaceous"", ""lithostratigraphy"": ""Chalk Group"", ""determinationNames"": [""Echinites ovarius"", ""Micraster cor-anguinum Leske""], ""determinationFiledAs"": ""No"", ""associatedMediaCount"": 2}","","Phanerozoic","Late Cretaceous","Mesozoic","Cretaceous","","","","Chalk Group","","Europe; United Kingdom; England; Kent","","","","NHMUK","","","Phanerozoic","Late Cretaceous","Mesozoic","Cretaceous","","1612981096000","b4b8dfae-3977-4b8b-9e4a-9cad15c6edf4","present","","NHMUK:ecatalogue:2685634","","","","Echinites ovarius","","","England","",""
"2685611","Occurrence","PI E 83669","","PAL","Europe","","United Kingdom","05ff2255-c38a-40c9-b657-4ccb55ab2feb","{""created"": 1361361353000, ""gbifID"": ""1883670771"", ""subDepartment"": ""ES Echinodermata"", ""donorName"": ""Sir Hans Sloane"", ""catalogueDescription"": ""Specimen in sediment"", ""determinationNames"": ""Encrinus"", ""associatedMediaCount"": 2}","","","","","","","","Encrinus","","","Europe; United Kingdom; England","","","","NHMUK","","","","","","","Yorkshire; Gothland","1612981096000","ab994bd0-04cf-468d-a58d-304709e14269","present","","NHMUK:ecatalogue:2685611","","","","Encrinus","","","England","",""
"2231062","Occurrence","PV M 2243","Mammalia","PAL","Europe","","United Kingdom","05ff2255-c38a-40c9-b657-4ccb55ab2feb","{""created"": 1311246587000, ""subDepartment"": ""ES Mammals"", ""donorName"": ""Sir Hans Sloane"", ""catalogueDescription"": ""calvarium and horn cores"", ""determinationNames"": ""Bison bonasus priscus Bojanus, 1827"", ""associatedMediaCount"": 1}","","","","","","Bovidae","","Bison","","Animalia; Mammalia; Artiodactyla; Bovidae","Europe; United Kingdom; England","","","priscus","NHMUK","Animalia","","","","","","unknown","1612441926000","4d2de2cc-be32-4739-8fc9-93fee9f56dcb","present","Artiodactyla","NHMUK:ecatalogue:2231062","","","","Bison bonasus priscus Bojanus, 1827","Bojanus, 1827","bonasus","England","",""
"2686957","Occurrence","PI E 83678","Echinoidea","PAL","North America","59.19096267","Jamaica","05ff2255-c38a-40c9-b657-4ccb55ab2feb","{""created"": 1361973051000, ""gbifID"": ""1883670775"", ""subDepartment"": ""ES Echinodermata"", ""donorName"": ""Sir Hans Sloane"", ""catalogueDescription"": ""1 complete individual"", ""determinationNames"": [""Clypeaster batheri Lambert, 1915"", ""Clypeaster sp."", ""Clypeaster batheri Lambert, 1915"", ""Clypeaster batheri Lambert, 1915""], ""associatedMediaCount"": 4}","","","","","","","","Clypeaster","","Echinoidea","North America; Jamaica","","","","NHMUK","","","","","","","","1612981097000","6c6726bf-373c-450c-a02f-c1d6f59d0069","present","","NHMUK:ecatalogue:2686957","","","","Clypeaster batheri Lambert, 1915","Lambert, 1915","batheri","","",""
"2683259","Occurrence","PI OR 36840","Cephalopoda","PAL","Europe","","United Kingdom","05ff2255-c38a-40c9-b657-4ccb55ab2feb","{""created"": 1361289319000, ""subDepartment"": ""ES Cephalopoda"", ""donorName"": ""Sir Hans Sloane"", ""catalogueDescription"": ""Nautilus"", ""chronostratigraphy"": ""Paleogene, Eocene"", ""lithostratigraphy"": ""Thames Group, London Clay"", ""determinationNames"": ""Cimomia imperialis (Sowerby, J.)"", ""determinationFiledAs"": ""Yes"", ""associatedMediaCount"": 5}","","Phanerozoic","Eocene","Cenozoic","Paleogene","Hercoglossidae","London Clay","Cimomia","Thames Group","Animalia; Mollusca; Cephalopoda; Nautiloidea; Nautilida; Nautilaceae; Hercoglossidae","Europe; United Kingdom; England; Surrey","","Dr Consuelo Sendino","","NHMUK","Animalia","","Phanerozoic","Eocene","Cenozoic","Paleogene","Richmond","1644490791000","ca5f1e08-b8b8-48a3-ba06-749ec58c306e","present","Nautilida","NHMUK:ecatalogue:2683259","Mollusca","","","Cimomia imperialis (Sowerby, J.)","(Sowerby, J.)","imperialis","England","",""
"2686659","Occurrence","PI GG 25026","","PAL","Europe","","United Kingdom","05ff2255-c38a-40c9-b657-4ccb55ab2feb","{""created"": 1361880325000, ""subDepartment"": ""ES Mollusca"", ""donorName"": ""Sir Hans Sloane"", ""catalogueDescription"": ""Complete individual"", ""determinationNames"": ""Cochlites sp."", ""associatedMediaCount"": 1}","","","","","","","","","","","Europe; United Kingdom; England; Berkshire","","","","NHMUK","","","","","","","","1644490242000","cf5a21ec-8d62-45a2-9b0c-78688030be12","present","","NHMUK:ecatalogue:2686659","","","","Cochlites sp.","","","England","",""
"2686361","Occurrence","PI MB 1026","","PAL","Europe","","United Kingdom","05ff2255-c38a-40c9-b657-4ccb55ab2feb","{""created"": 1361794046000, ""subDepartment"": ""ES Mollusca"", ""donorName"": ""Sir Hans Sloane"", ""catalogueDescription"": ""Complete"", ""chronostratigraphy"": ""Jurassic, Early Jurassic, Sinemurian - Pliensbachian"", ""lithostratigraphy"": ""L. Lias Group"", ""determinationNames"": ""Cardinia attenuata (Stutchbury)"", ""determinationFiledAs"": ""Yes"", ""associatedMediaCount"": 1}","Sinemurian","Phanerozoic","Early Jurassic","Mesozoic","Jurassic","Cardiniidae","","Cardinia","Lias Group","Crassatellacea; Cardiniidae","Europe; United Kingdom; England; Northamptonshire","","Dr Noel J. Morris","","NHMUK","","Pliensbachian","Phanerozoic","Early Jurassic","Mesozoic","Jurassic","","1644490256000","cffe6525-66d5-4ddc-b3d9-f302bded9128","present","","NHMUK:ecatalogue:2686361","","","","Cardinia attenuata (Stutchbury)","(Stutchbury)","attenuata","England","",""
"2686961","Occurrence","PV P 73134","","PAL","North America","","United States","05ff2255-c38a-40c9-b657-4ccb55ab2feb","{""created"": 1361976209000, ""subDepartment"": ""ES Fish"", ""donorName"": ""Sir Hans Sloane"", ""catalogueDescription"": ""Isolated tooth"", ""chronostratigraphy"": ""Neogene, Miocene"", ""determinationNames"": ""Aetobatus arcuatus"", ""associatedMediaCount"": 1}","","Phanerozoic","Miocene","Cenozoic","Neogene","","","","","","North America; United States; Maryland","","","","NHMUK","","","Phanerozoic","Miocene","Cenozoic","Neogene","","1644490773000","41bfc33c-8c74-439b-bc5f-f13ef15f9485","present","","NHMUK:ecatalogue:2686961","","","","Aetobatus arcuatus","","","Maryland","",""
"2716907","Occurrence","PI MB 1136","","PAL","Europe","","United Kingdom","05ff2255-c38a-40c9-b657-4ccb55ab2feb","{""created"": 1365084252000, ""subDepartment"": ""ES Mollusca"", ""donorName"": ""Sir Hans Sloane"", ""catalogueDescription"": ""Complete"", ""chronostratigraphy"": ""Jurassic, Early Jurassic, Sinemurian - Pliensbachian"", ""lithostratigraphy"": ""L. Lias Group"", ""determinationNames"": ""Cardinia attenuata (Stutchbury)"", ""associatedMediaCount"": 1}","Sinemurian","Phanerozoic","Early Jurassic","Mesozoic","Jurassic","Cardiniidae","","Cardinia","Lias Group","Crassatellacea; Cardiniidae","Europe; United Kingdom; England; Northamptonshire","","Dr Noel J. Morris","","NHMUK","","Pliensbachian","Phanerozoic","Early Jurassic","Mesozoic","Jurassic","","1644490248000","c63fc2d4-f9e3-424d-b90d-4dc3ac8415c0","present","","NHMUK:ecatalogue:2716907","","","","Cardinia attenuata (Stutchbury)","(Stutchbury)","attenuata","England","",""
"2686422","Occurrence","PI MG 1458","","PAL","","","","05ff2255-c38a-40c9-b657-4ccb55ab2feb","{""created"": 1361805092000, ""subDepartment"": ""ES Mollusca"", ""donorName"": ""Sir Hans Sloane"", ""catalogueDescription"": ""Complete specimen"", ""chronostratigraphy"": ""Jurassic"", ""determinationNames"": ""Cochlea morphite"", ""determinationFiledAs"": ""Yes"", ""associatedMediaCount"": 1}","","Phanerozoic","","Mesozoic","Jurassic","","","","","","","Sloane, Testac. 567, vol.1","","","NHMUK","","","Phanerozoic","","Mesozoic","Jurassic","","1644490162000","203d87f4-62b9-4f85-893b-e1c63246a5b1","present","","NHMUK:ecatalogue:2686422","","","","Cochlea morphite","","","","",""
"2686802","Occurrence","PV P 52860","","PAL","","","","05ff2255-c38a-40c9-b657-4ccb55ab2feb","{""created"": 1361891755000, ""subDepartment"": ""ES Fish"", ""donorName"": ""Sir Hans Sloane"", ""catalogueDescription"": ""complete"", ""determinationNames"": ""Carcharodon hastalis"", ""associatedMediaCount"": 2}","","","","","","","","","","","","","","","NHMUK","","","","","","","","1644490742000","01c73218-da05-48d2-bcef-e43caf53fa59","present","","NHMUK:ecatalogue:2686802","","","","Carcharodon hastalis","","","","",""
"2683206","Occurrence","PB OR 11587","","PAL","","","","05ff2255-c38a-40c9-b657-4ccb55ab2feb","{""created"": 1361285768000, ""subDepartment"": ""Palaeobotany"", ""donorName"": ""Sir Hans Sloane"", ""catalogueDescription"": ""very hard and blackish petrified wood, very heavy"", ""determinationNames"": ""Plantae Haeckel, 1866"", ""associatedMediaCount"": 1}","","","","","","","","","","Plantae","","","","","NHMUK","Plantae","","","","","","","1644489726000","2f084a80-fb1c-40cc-b7ba-2187898afa1f","present","","NHMUK:ecatalogue:2683206","","","","Plantae Haeckel, 1866","Haeckel, 1866","","","",""
"2716924","Occurrence","PI TG 26749","","PAL","","","","05ff2255-c38a-40c9-b657-4ccb55ab2feb","{""created"": 1365088215000, ""subDepartment"": ""ES Mollusca"", ""donorName"": ""Sir Hans Sloane"", ""catalogueDescription"": ""Complete"", ""chronostratigraphy"": ""Paleogene, Eocene, Bartonian"", ""determinationNames"": ""Voluta lima Sowerby"", ""associatedMediaCount"": 1}","Bartonian","Phanerozoic","Eocene","Cenozoic","Paleogene","","","","","","","","","","NHMUK","","Bartonian","Phanerozoic","Eocene","Cenozoic","Paleogene","","1644490359000","81a3a0f0-829c-4660-a02d-46a8e22e003a","present","","NHMUK:ecatalogue:2716924","","","","Voluta lima Sowerby","","","","",""
"2686898","Occurrence","PI TG 26544","","PAL","","","","05ff2255-c38a-40c9-b657-4ccb55ab2feb","{""created"": 1361963500000, ""subDepartment"": ""ES Mollusca"", ""donorName"": ""Sir Hans Sloane"", ""catalogueDescription"": ""Complete"", ""chronostratigraphy"": ""Paleogene, Eocene, Bartonian"", ""determinationNames"": ""Voluta lima Sowerby"", ""associatedMediaCount"": 1}","Bartonian","Phanerozoic","Eocene","Cenozoic","Paleogene","","","","","","","","","","NHMUK","","Bartonian","Phanerozoic","Eocene","Cenozoic","Paleogene","","1644490352000","0e081fee-6286-4561-8369-5a6cb8b735f5","present","","NHMUK:ecatalogue:2686898","","","","Voluta lima Sowerby","","","","",""
"2686962","Occurrence","PV M 92502","Mammalia","PAL","","","","05ff2255-c38a-40c9-b657-4ccb55ab2feb","{""created"": 1361976683000, ""subDepartment"": ""ES Mammals"", ""donorName"": ""Sir Hans Sloane"", ""catalogueDescription"": ""vertebra"", ""determinationNames"": ""Mammalia Linnaeus, 1758"", ""associatedMediaCount"": 1}","","","","","","","","","","Animalia; Chordata; Vertebrata; Mammalia","","","","","NHMUK","Animalia","","","","","","","1644490508000","1c2b8251-c3f3-4476-83e2-f5fbaea4b7b4","present","","NHMUK:ecatalogue:2686962","Chordata","","","Mammalia Linnaeus, 1758","Linnaeus, 1758","","","",""
"2716870","Occurrence","PI TG 26744","","PAL","Europe","","United Kingdom","05ff2255-c38a-40c9-b657-4ccb55ab2feb","{""created"": 1365079276000, ""subDepartment"": ""ES Mollusca"", ""donorName"": ""Sir Hans Sloane"", ""catalogueDescription"": ""Complete specimen"", ""chronostratigraphy"": ""Paleogene, Eocene, Bartonian"", ""determinationNames"": ""Voluta luctator"", ""associatedMediaCount"": 1}","Bartonian","Phanerozoic","Eocene","Cenozoic","Paleogene","","","","","","Europe; United Kingdom; England; Hampshire","","","","NHMUK","","Bartonian","Phanerozoic","Eocene","Cenozoic","Paleogene","Lymington, Lymington","1644490404000","a4af242a-4243-4352-921e-31f3d34c2122","present","","NHMUK:ecatalogue:2716870","","","Field","Voluta luctator","","","England","",""
"2683101","Occurrence","PV P 73126","Chondrichthyes","PAL","Europe","","Malta","05ff2255-c38a-40c9-b657-4ccb55ab2feb","{""created"": 1361274585000, ""subDepartment"": ""ES Fish"", ""donorName"": ""Sir Hans Sloane"", ""catalogueDescription"": ""tooth"", ""chronostratigraphy"": ""Neogene, Miocene"", ""determinationNames"": [""Otodus megalodon infraphylum Gnathostomata Agassiz, 1843"", ""Carcharodon megalodon""], ""determinationFiledAs"": ""No"", ""associatedMediaCount"": 3}","","Phanerozoic","Miocene","Cenozoic","Neogene","Otodontidae","","Otodus","","Animalia; Chordata; Vertebrata; Chondrichthyes; Elasmobranchii; Lamniformes; Otodontidae","Europe; Malta","","","","NHMUK","Animalia","","Phanerozoic","Miocene","Cenozoic","Neogene","","1644490729000","c6beed82-13c8-4885-a3a6-83b37fc34ef9","present","Lamniformes","NHMUK:ecatalogue:2683101","Chordata","","","Otodus megalodon infraphylum Gnathostomata Agassiz, 1843","Agassiz, 1843","megalodon","","",""
"2718831","Occurrence","PI BF 63","","PAL","Europe","","Switzerland","05ff2255-c38a-40c9-b657-4ccb55ab2feb","{""created"": 1365525030000, ""subDepartment"": ""ES Brachiopoda"", ""donorName"": ""Sir Hans Sloane"", ""catalogueDescription"": ""Complete"", ""chronostratigraphy"": ""Cretaceous, Early Cretaceous"", ""determinationNames"": [""Terebratula acuta"", ""Musculina acuta""], ""determinationFiledAs"": ""Yes"", ""associatedMediaCount"": 1}","","Phanerozoic","Early Cretaceous","Mesozoic","Cretaceous","","","","","","Europe; Switzerland","","","","NHMUK","","","Phanerozoic","Early Cretaceous","Mesozoic","Cretaceous","Nearest Named Place: Neuchatel","1644490500000","b78a4327-94ac-4cd8-a10d-1a60fc4c7626","present","","NHMUK:ecatalogue:2718831","","","","Terebratula acuta","","","","",""
"2716879","Occurrence","PI TB 14518","","PAL","Europe","","Russia","05ff2255-c38a-40c9-b657-4ccb55ab2feb","{""created"": 1365080609000, ""subDepartment"": ""ES Mollusca"", ""donorName"": ""Sir Hans Sloane"", ""catalogueDescription"": ""Complete"", ""chronostratigraphy"": ""Cenozoic"", ""determinationNames"": ""Cardium fittoni"", ""associatedMediaCount"": 1}","","Phanerozoic","","Cenozoic","","","","","","","Europe; Russia","","","","NHMUK","","","Phanerozoic","","Cenozoic","","Nearest Named Place: South Russia","1644489856000","5b13b1fb-1ff1-4cce-9718-2443335a7499","present","","NHMUK:ecatalogue:2716879","","","","Cardium fittoni","","","","",""
"2716892","Occurrence","PI TB 14524","","PAL","Europe","","Russia","05ff2255-c38a-40c9-b657-4ccb55ab2feb","{""created"": 1365082456000, ""subDepartment"": ""ES Mollusca"", ""donorName"": ""Sir Hans Sloane"", ""catalogueDescription"": ""Complete"", ""chronostratigraphy"": ""Cenozoic"", ""determinationNames"": ""Cardium fittoni"", ""associatedMediaCount"": 1}","","Phanerozoic","","Cenozoic","","","","","","","Europe; Russia","","","","NHMUK","","","Phanerozoic","","Cenozoic","","Nearest Named Place: South Russia","1644489884000","d460bdf7-c4d7-4add-9d30-c8a3195a1778","present","","NHMUK:ecatalogue:2716892","","","","Cardium fittoni","","","","",""
"2718964","Occurrence","PI BF 70","","PAL","Europe","","Switzerland","05ff2255-c38a-40c9-b657-4ccb55ab2feb","{""created"": 1365598793000, ""subDepartment"": ""ES Brachiopoda"", ""donorName"": ""Sir Hans Sloane"", ""catalogueDescription"": ""Complete"", ""chronostratigraphy"": ""Cretaceous, Early Cretaceous"", ""determinationNames"": [""Terebratula acuta"", ""Musculina acuta""], ""determinationFiledAs"": ""Yes"", ""associatedMediaCount"": 1}","","Phanerozoic","Early Cretaceous","Mesozoic","Cretaceous","","","","","","Europe; Switzerland","","","","NHMUK","","","Phanerozoic","Early Cretaceous","Mesozoic","Cretaceous","Nearest Named Place: Neuchatel","1644490466000","5bd44e7e-030a-4ca6-8447-eceb48c073b3","present","","NHMUK:ecatalogue:2718964","","","","Terebratula acuta","","","","",""
"2686417","Occurrence","PI MB 1032","","PAL","Europe","","Switzerland","05ff2255-c38a-40c9-b657-4ccb55ab2feb","{""created"": 1361804318000, ""subDepartment"": ""ES Mollusca"", ""donorName"": ""Sir Hans Sloane"", ""determinationNames"": ""Pholadomya gigantea (J. Sowerby)"", ""associatedMediaCount"": 1}","","","","","","Pholadomyidae","","Pholadomya","","Pholadomyacea; Pholadomyidae","Europe; Switzerland","","","","NHMUK","","","","","","","Nearest Named Place: Neuchatel","1644490203000","8fa61104-4239-4380-95c3-97e06a233701","present","","NHMUK:ecatalogue:2686417","","","","Pholadomya gigantea (J. Sowerby)","(J. Sowerby)","gigantea","","",""
"2718833","Occurrence","PI BF 65","","PAL","Europe","","Switzerland","05ff2255-c38a-40c9-b657-4ccb55ab2feb","{""created"": 1365525611000, ""subDepartment"": ""ES Brachiopoda"", ""donorName"": ""Sir Hans Sloane"", ""catalogueDescription"": ""Complete"", ""chronostratigraphy"": ""Cretaceous, Early Cretaceous"", ""determinationNames"": [""Terebratula acuta"", ""Musculina acuta""], ""determinationFiledAs"": ""Yes"", ""associatedMediaCount"": 1}","","Phanerozoic","Early Cretaceous","Mesozoic","Cretaceous","","","","","","Europe; Switzerland","","","","NHMUK","","","Phanerozoic","Early Cretaceous","Mesozoic","Cretaceous","Nearest Named Place: Neuchatel","1644490429000","0c3a9b80-1432-4e9c-b5a1-7a59a7114c84","present","","NHMUK:ecatalogue:2718833","","","","Terebratula acuta","","","","",""
"2686341","Occurrence","PI MB 1024","","PAL","Europe","","United Kingdom","05ff2255-c38a-40c9-b657-4ccb55ab2feb","{""created"": 1361791906000, ""subDepartment"": ""ES Mollusca"", ""donorName"": ""Sir Hans Sloane"", ""catalogueDescription"": ""1 complete individual"", ""determinationNames"": ""Gryphites sp."", ""associatedMediaCount"": 1}","","","","","","","","","","","Europe; United Kingdom; England","","Dr Noel J. Morris","","NHMUK","","","","","","","Northampton; Althorp","1644490211000","7baf0438-b10d-4544-b428-71343a4fc9e0","present","","NHMUK:ecatalogue:2686341","","","","Gryphites sp.","","","England","",""
"2685002","Occurrence","PI CN 131","Cephalopoda","PAL","","","","05ff2255-c38a-40c9-b657-4ccb55ab2feb","{""created"": 1361358153000, ""subDepartment"": ""ES Cephalopoda"", ""donorName"": ""Sir Hans Sloane"", ""catalogueDescription"": ""The striated nautilites"", ""determinationNames"": ""Nautilus"", ""associatedMediaCount"": 1}","","","","","","","","Nautilus","","Mollusca; Cephalopoda","","","","","NHMUK","","","","","","","","1644490780000","e640fe59-502b-4d4e-82d7-ba31c21fd3f0","present","","NHMUK:ecatalogue:2685002","Mollusca","","","Nautilus","","","","",""
"2686345","Occurrence","PI MB 1025","","PAL","","","","05ff2255-c38a-40c9-b657-4ccb55ab2feb","{""created"": 1361792791000, ""subDepartment"": ""ES Mollusca"", ""donorName"": ""Sir Hans Sloane"", ""catalogueDescription"": ""Complete"", ""chronostratigraphy"": ""Jurassic"", ""determinationNames"": ""Mytiloides vulgaris"", ""associatedMediaCount"": 1}","","Phanerozoic","","Mesozoic","Jurassic","","","","","","","","Dr Noel J. Morris","","NHMUK","","","Phanerozoic","","Mesozoic","Jurassic","","1644490178000","697c4ac5-ac4b-4f86-914a-146f2d35156c","present","","NHMUK:ecatalogue:2686345","","","","Mytiloides vulgaris","","","","",""
"2686390","Occurrence","PI MB 1030","","PAL","Europe","","Czech Republic","05ff2255-c38a-40c9-b657-4ccb55ab2feb","{""created"": 1361799025000, ""subDepartment"": ""ES Mollusca"", ""donorName"": ""Sir Hans Sloane"", ""catalogueDescription"": ""Embedded in sandstone"", ""determinationNames"": ""Pectunculus oblongus"", ""determinationFiledAs"": ""Yes"", ""associatedMediaCount"": 1}","","","","","","","","","","","Europe; Czech Republic","","Dr Noel J. Morris","","NHMUK","","","","","","","","1644490186000","de17a689-f07d-4ced-98c3-c9b85e03a8bf","present","","NHMUK:ecatalogue:2686390","","","","Pectunculus oblongus","","","","",""
"2716923","Occurrence","PI TG 26748","","PAL","","","","05ff2255-c38a-40c9-b657-4ccb55ab2feb","{""created"": 1365088163000, ""subDepartment"": ""ES Mollusca"", ""donorName"": ""Sir Hans Sloane"", ""catalogueDescription"": ""Complete"", ""chronostratigraphy"": ""Paleogene, Eocene, Bartonian"", ""determinationNames"": ""Voluta lima Sowerby"", ""associatedMediaCount"": 1}","Bartonian","Phanerozoic","Eocene","Cenozoic","Paleogene","","","","","","","","","","NHMUK","","Bartonian","Phanerozoic","Eocene","Cenozoic","Paleogene","","1644490299000","88f871e4-7827-4bee-aefc-47a64bc0e387","present","","NHMUK:ecatalogue:2716923","","","","Voluta lima Sowerby","","","","",""
"2716917","Occurrence","PI TG 26746","","PAL","","","","05ff2255-c38a-40c9-b657-4ccb55ab2feb","{""created"": 1365087279000, ""subDepartment"": ""ES Mollusca"", ""donorName"": ""Sir Hans Sloane"", ""catalogueDescription"": ""Complete"", ""chronostratigraphy"": ""Paleogene, Eocene, Bartonian"", ""determinationNames"": ""Voluta lima Sowerby"", ""associatedMediaCount"": 1}","Bartonian","Phanerozoic","Eocene","Cenozoic","Paleogene","","","","","","","","","","NHMUK","","Bartonian","Phanerozoic","Eocene","Cenozoic","Paleogene","","1644490328000","b6bb2b68-3af8-441c-a6af-1bbe0af53831","present","","NHMUK:ecatalogue:2716917","","","","Voluta lima Sowerby","","","","",""
"2716869","Occurrence","PI TG 26743","","PAL","Europe","","United Kingdom","05ff2255-c38a-40c9-b657-4ccb55ab2feb","{""created"": 1365078448000, ""subDepartment"": ""ES Mollusca"", ""donorName"": ""Sir Hans Sloane"", ""catalogueDescription"": ""Complete specimen"", ""chronostratigraphy"": ""Paleogene, Eocene, Bartonian"", ""determinationNames"": ""Voluta luctator"", ""associatedMediaCount"": 1}","Bartonian","Phanerozoic","Eocene","Cenozoic","Paleogene","","","","","","Europe; United Kingdom; England; Hampshire","","","","NHMUK","","Bartonian","Phanerozoic","Eocene","Cenozoic","Paleogene","Lymington, Lymington","1644490389000","e2f4a82d-1475-40c0-a419-b959347f8ad3","present","","NHMUK:ecatalogue:2716869","","","Field","Voluta luctator","","","England","",""
"2683119","Occurrence","PV P 73123","Elasmobranchii","PAL","Europe","","Malta","05ff2255-c38a-40c9-b657-4ccb55ab2feb","{""created"": 1361276348000, ""subDepartment"": ""ES Fish"", ""donorName"": ""Sir Hans Sloane"", ""catalogueDescription"": ""tooth"", ""chronostratigraphy"": ""Neogene, Miocene"", ""determinationNames"": ""Carcharodon megalodon"", ""associatedMediaCount"": 1}","","Phanerozoic","Miocene","Cenozoic","Neogene","Otodontidae","","Carcharodon","","Elasmobranchii; Lamniformes; Otodontidae","Europe; Malta","","","","NHMUK","","","Phanerozoic","Miocene","Cenozoic","Neogene","","1644490707000","f3c823b7-0a9f-4ab3-8581-08aae14d058e","present","Lamniformes","NHMUK:ecatalogue:2683119","","","","Carcharodon megalodon","","megalodon","","",""
"2683096","Occurrence","PV P 73127","Elasmobranchii","PAL","Europe","","Malta","05ff2255-c38a-40c9-b657-4ccb55ab2feb","{""created"": 1361273935000, ""subDepartment"": ""ES Fish"", ""donorName"": ""Sir Hans Sloane"", ""catalogueDescription"": ""tooth"", ""chronostratigraphy"": ""Neogene, Miocene"", ""determinationNames"": ""Carcharodon megalodon"", ""associatedMediaCount"": 1}","","Phanerozoic","Miocene","Cenozoic","Neogene","Otodontidae","","Carcharodon","","Elasmobranchii; Lamniformes; Otodontidae","Europe; Malta","","","","NHMUK","","","Phanerozoic","Miocene","Cenozoic","Neogene","","1644490672000","71bfaa8b-9f60-44cc-9d11-65120cead96d","present","Lamniformes","NHMUK:ecatalogue:2683096","","","","Carcharodon megalodon","","megalodon","","",""
"2683121","Occurrence","PV P 73128","Elasmobranchii","PAL","Europe","","Malta","05ff2255-c38a-40c9-b657-4ccb55ab2feb","{""created"": 1361276430000, ""subDepartment"": ""ES Fish"", ""donorName"": ""Sir Hans Sloane"", ""catalogueDescription"": ""tooth"", ""chronostratigraphy"": ""Neogene, Miocene"", ""determinationNames"": ""Carcharodon megalodon"", ""associatedMediaCount"": 1}","","Phanerozoic","Miocene","Cenozoic","Neogene","Otodontidae","","Carcharodon","","Elasmobranchii; Lamniformes; Otodontidae","Europe; Malta","","","","NHMUK","","","Phanerozoic","Miocene","Cenozoic","Neogene","","1644490658000","0288a648-d5cf-4e90-adeb-26c7246cf239","present","Lamniformes","NHMUK:ecatalogue:2683121","","","","Carcharodon megalodon","","megalodon","","",""
"2716900","Occurrence","PI TB 14530","","PAL","Europe","","Russia","05ff2255-c38a-40c9-b657-4ccb55ab2feb","{""created"": 1365083303000, ""subDepartment"": ""ES Mollusca"", ""donorName"": ""Sir Hans Sloane"", ""catalogueDescription"": ""Complete"", ""chronostratigraphy"": ""Cenozoic"", ""determinationNames"": ""Cardium fittoni"", ""determinationFiledAs"": ""Yes"", ""associatedMediaCount"": 1}","","Phanerozoic","","Cenozoic","","","","","","","Europe; Russia","","","","NHMUK","","","Phanerozoic","","Cenozoic","","Nearest Named Place: South Russia","1644489817000","cb8c9234-bc75-4c97-9946-2656f227bcb6","present","","NHMUK:ecatalogue:2716900","","","","Cardium fittoni","","","","",""
"2716886","Occurrence","PI TB 14520","","PAL","Europe","","Russia","05ff2255-c38a-40c9-b657-4ccb55ab2feb","{""created"": 1365081948000, ""subDepartment"": ""ES Mollusca"", ""donorName"": ""Sir Hans Sloane"", ""catalogueDescription"": ""Complete"", ""chronostratigraphy"": ""Cenozoic"", ""determinationNames"": ""Cardium fittoni"", ""associatedMediaCount"": 1}","","Phanerozoic","","Cenozoic","","","","","","","Europe; Russia","","","","NHMUK","","","Phanerozoic","","Cenozoic","","Nearest Named Place: South Russia","1644490015000","90f93a5d-e724-4c88-a5cd-8cb6454762c7","present","","NHMUK:ecatalogue:2716886","","","","Cardium fittoni","","","","",""
"2686403","Occurrence","PI TG 26541","","PAL","Europe","","United Kingdom","05ff2255-c38a-40c9-b657-4ccb55ab2feb","{""created"": 1361801581000, ""subDepartment"": ""ES Mollusca"", ""donorName"": ""Sir Hans Sloane"", ""catalogueDescription"": ""3 individuals complete"", ""chronostratigraphy"": ""Paleogene, Eocene, Bartonian"", ""determinationNames"": ""Voluta luctator"", ""associatedMediaCount"": 1}","Bartonian","Phanerozoic","Eocene","Cenozoic","Paleogene","","","","","","Europe; United Kingdom; England; Hampshire","","","","NHMUK","","Bartonian","Phanerozoic","Eocene","Cenozoic","Paleogene","Lymington, Lymington","1644490396000","941a9631-89af-40d2-8e51-b8d5b3c218ee","present","","NHMUK:ecatalogue:2686403","","","Field","Voluta luctator","","","England","",""
"2718894","Occurrence","PI BF 67","","PAL","Europe","","Switzerland","05ff2255-c38a-40c9-b657-4ccb55ab2feb","{""created"": 1365590209000, ""subDepartment"": ""ES Brachiopoda"", ""donorName"": ""Sir Hans Sloane"", ""catalogueDescription"": ""Complete"", ""chronostratigraphy"": ""Cretaceous, Early Cretaceous"", ""determinationNames"": [""Terebratula acuta"", ""Musculina acuta""], ""determinationFiledAs"": ""Yes"", ""associatedMediaCount"": 1}","","Phanerozoic","Early Cretaceous","Mesozoic","Cretaceous","","","","","","Europe; Switzerland","","","","NHMUK","","","Phanerozoic","Early Cretaceous","Mesozoic","Cretaceous","Nearest Named Place: Neuchatel","1644490473000","f356aafb-7470-43fc-b0e0-6d5517e33cfd","present","","NHMUK:ecatalogue:2718894","","","","Terebratula acuta","","","","",""
"2718899","Occurrence","PI BF 68","","PAL","Europe","","Switzerland","05ff2255-c38a-40c9-b657-4ccb55ab2feb","{""created"": 1365590768000, ""subDepartment"": ""ES Brachiopoda"", ""donorName"": ""Sir Hans Sloane"", ""catalogueDescription"": ""Complete"", ""chronostratigraphy"": ""Cretaceous, Early Cretaceous"", ""determinationNames"": [""Terebratula acuta"", ""Musculina acuta""], ""determinationFiledAs"": ""Yes"", ""associatedMediaCount"": 1}","","Phanerozoic","Early Cretaceous","Mesozoic","Cretaceous","","","","","","Europe; Switzerland","","","","NHMUK","","","Phanerozoic","Early Cretaceous","Mesozoic","Cretaceous","Nearest Named Place: Neuchatel","1644490488000","25e5fed6-c03d-4223-84a6-59796771610c","present","","NHMUK:ecatalogue:2718899","","","","Terebratula acuta","","","","",""
"2683269","Occurrence","PI BF 62","","PAL","Europe","","Switzerland","05ff2255-c38a-40c9-b657-4ccb55ab2feb","{""created"": 1361289915000, ""subDepartment"": ""ES Brachiopoda"", ""donorName"": ""Sir Hans Sloane"", ""catalogueDescription"": ""Complete"", ""chronostratigraphy"": ""Cretaceous, Early Cretaceous"", ""determinationNames"": [""Terebratula acuta"", ""Musculina acuta""], ""determinationFiledAs"": ""Yes"", ""associatedMediaCount"": 1}","","Phanerozoic","Early Cretaceous","Mesozoic","Cretaceous","","","","","","Europe; Switzerland","","","","NHMUK","","","Phanerozoic","Early Cretaceous","Mesozoic","Cretaceous","Nearest Named Place: Neuchatel","1644490457000","f488daac-a72e-479a-ade2-b11622b1458a","present","","NHMUK:ecatalogue:2683269","","","","Terebratula acuta","","","","",""
"2683286","Occurrence","PI CN 129","Cephalopoda","PAL","Europe","","Germany","05ff2255-c38a-40c9-b657-4ccb55ab2feb","{""created"": 1361290974000, ""subDepartment"": ""ES Cephalopoda"", ""donorName"": ""Sir Hans Sloane"", ""determinationNames"": ""Orthoceras regulare"", ""associatedMediaCount"": 1}","","","","","","","","Orthoceras","","Animalia; Mollusca; Cephalopoda","Europe; Germany","","","","NHMUK","Animalia","","","","","","Prussia","1644490895000","c38fc674-7e49-4e3b-87e9-dc9e03aad687","present","","NHMUK:ecatalogue:2683286","Mollusca","","","Orthoceras regulare","","regulare","","",""
"2718772","Occurrence","PI OR 34082 (c)","","PAL","Europe","","Switzerland","05ff2255-c38a-40c9-b657-4ccb55ab2feb","{""created"": 1365518740000, ""subDepartment"": ""ES Echinodermata"", ""donorName"": ""Sir Hans Sloane"", ""catalogueDescription"": ""Completes"", ""chronostratigraphy"": ""Jurassic"", ""determinationNames"": [""Echinites spatagodes"", ""Toxaster complanatus""], ""associatedMediaCount"": 3}","","Phanerozoic","","Mesozoic","Jurassic","","","","","","Europe; Switzerland","","","","NHMUK","","","Phanerozoic","","Mesozoic","Jurassic","Nearest Named Place: Neuchatel","1644490558000","a01b2b11-28d9-4384-90cd-e4cf6d78fb39","present","","NHMUK:ecatalogue:2718772","","","","Echinites spatagodes","","","","",""
"2683254","Occurrence","PI CC 626","Cephalopoda","PAL","","","","05ff2255-c38a-40c9-b657-4ccb55ab2feb","{""created"": 1361289030000, ""subDepartment"": ""ES Cephalopoda"", ""donorName"": ""Sir Hans Sloane"", ""catalogueDescription"": ""belemnites broken of at the shape end"", ""chronostratigraphy"": ""Jurassic, Late Jurassic, Kimmeridgian"", ""determinationNames"": ""Belemnites"", ""associatedMediaCount"": 2}","Kimmeridgian","Phanerozoic","Late Jurassic","Mesozoic","Jurassic","","","Belemnites","","Animalia; Mollusca; Cephalopoda; Coleoidea; Belemnitida; Belemitina","","","","","NHMUK","Animalia","Kimmeridgian","Phanerozoic","Late Jurassic","Mesozoic","Jurassic","","1644490827000","64021536-7647-40c7-87c5-3d7ca0663fa2","present","Belemnitida","NHMUK:ecatalogue:2683254","Mollusca","","","Belemnites","","","","",""
"2716925","Occurrence","PI TG 26750","","PAL","","","","05ff2255-c38a-40c9-b657-4ccb55ab2feb","{""created"": 1365088309000, ""subDepartment"": ""ES Mollusca"", ""donorName"": ""Sir Hans Sloane"", ""catalogueDescription"": ""Complete"", ""chronostratigraphy"": ""Paleogene, Eocene, Bartonian"", ""determinationNames"": ""Voluta lima Sowerby"", ""associatedMediaCount"": 1}","Bartonian","Phanerozoic","Eocene","Cenozoic","Paleogene","","","","","","","","","","NHMUK","","Bartonian","Phanerozoic","Eocene","Cenozoic","Paleogene","","1644490339000","b71718c7-7272-4730-b862-4c37eb6066bf","present","","NHMUK:ecatalogue:2716925","","","","Voluta lima Sowerby","","","","",""
"2686367","Occurrence","PI MB 1029","","PAL","","","","05ff2255-c38a-40c9-b657-4ccb55ab2feb","{""created"": 1361795515000, ""subDepartment"": ""ES Mollusca"", ""donorName"": ""Sir Hans Sloane"", ""catalogueDescription"": ""Sandstone containing petrified muscles"", ""associatedMediaCount"": 1}","","","","","","","","","","","","","","","NHMUK","","","","","","","Nearest Named Place: City of Mentz","1644490115000","a59bd32e-ca4b-48f3-8daa-0b183787857d","present","","NHMUK:ecatalogue:2686367","","","","","","","","",""
"2716926","Occurrence","PI TG 26751","","PAL","","","","05ff2255-c38a-40c9-b657-4ccb55ab2feb","{""created"": 1365088355000, ""subDepartment"": ""ES Mollusca"", ""donorName"": ""Sir Hans Sloane"", ""catalogueDescription"": ""Complete"", ""chronostratigraphy"": ""Paleogene, Eocene, Bartonian"", ""determinationNames"": ""Voluta lima Sowerby"", ""associatedMediaCount"": 1}","Bartonian","Phanerozoic","Eocene","Cenozoic","Paleogene","","","","","","","","","","NHMUK","","Bartonian","Phanerozoic","Eocene","Cenozoic","Paleogene","","1644490286000","ae8261da-ee65-4811-add4-7e21cc8da955","present","","NHMUK:ecatalogue:2716926","","","","Voluta lima Sowerby","","","","",""
"2716872","Occurrence","PI TG 26745","","PAL","Europe","","United Kingdom","05ff2255-c38a-40c9-b657-4ccb55ab2feb","{""created"": 1365079444000, ""subDepartment"": ""ES Mollusca"", ""donorName"": ""Sir Hans Sloane"", ""catalogueDescription"": ""Complete"", ""chronostratigraphy"": ""Paleogene, Eocene, Bartonian"", ""determinationNames"": ""Voluta luctator"", ""associatedMediaCount"": 1}","Bartonian","Phanerozoic","Eocene","Cenozoic","Paleogene","","","","","","Europe; United Kingdom; England; Hampshire","","","","NHMUK","","Bartonian","Phanerozoic","Eocene","Cenozoic","Paleogene","Lymington, Lymington","1644490374000","e78413fe-5113-447e-929a-d4eeeb60c4ec","present","","NHMUK:ecatalogue:2716872","","","Field","Voluta luctator","","","England","",""
"2716867","Occurrence","PI TG 26742","","PAL","Europe","","United Kingdom","05ff2255-c38a-40c9-b657-4ccb55ab2feb","{""created"": 1365078241000, ""subDepartment"": ""ES Mollusca"", ""donorName"": ""Sir Hans Sloane"", ""catalogueDescription"": ""Complete specimen"", ""chronostratigraphy"": ""Paleogene, Eocene, Bartonian"", ""determinationNames"": ""Voluta luctator"", ""associatedMediaCount"": 1}","Bartonian","Phanerozoic","Eocene","Cenozoic","Paleogene","","","","","","Europe; United Kingdom; England; Hampshire","","","","NHMUK","","Bartonian","Phanerozoic","Eocene","Cenozoic","Paleogene","Lymington, Lymington","1644490366000","c8907b3b-15fd-4405-96a2-e56352018d41","present","","NHMUK:ecatalogue:2716867","","","Field","Voluta luctator","","","England","",""
"2718903","Occurrence","PI BF 69","","PAL","Europe","","Switzerland","05ff2255-c38a-40c9-b657-4ccb55ab2feb","{""created"": 1365591161000, ""subDepartment"": ""ES Brachiopoda"", ""donorName"": ""Sir Hans Sloane"", ""catalogueDescription"": ""Complete"", ""chronostratigraphy"": ""Cretaceous, Early Cretaceous"", ""determinationNames"": [""Terebratula acuta"", ""Musculina acuta""], ""determinationFiledAs"": ""Yes"", ""associatedMediaCount"": 1}","","Phanerozoic","Early Cretaceous","Mesozoic","Cretaceous","","","","","","Europe; Switzerland","","","","NHMUK","","","Phanerozoic","Early Cretaceous","Mesozoic","Cretaceous","Nearest Named Place: Neuchatel","1644490421000","8ae8e658-b690-4b50-aeae-f817b371f6da","present","","NHMUK:ecatalogue:2718903","","","","Terebratula acuta","","","","",""
"2716895","Occurrence","PI TB 14526","","PAL","Europe","","Russia","05ff2255-c38a-40c9-b657-4ccb55ab2feb","{""created"": 1365082957000, ""subDepartment"": ""ES Mollusca"", ""donorName"": ""Sir Hans Sloane"", ""catalogueDescription"": ""Complete"", ""chronostratigraphy"": ""Cenozoic"", ""determinationNames"": ""Cardium fittoni"", ""determinationFiledAs"": ""Yes"", ""associatedMediaCount"": 1}","","Phanerozoic","","Cenozoic","","","","","","","Europe; Russia","","","","NHMUK","","","Phanerozoic","","Cenozoic","","Nearest Named Place: South Russia","1644489862000","24700c75-7236-4a82-855d-40d72f4e7ff6","present","","NHMUK:ecatalogue:2716895","","","","Cardium fittoni","","","","",""
"2686420","Occurrence","PI TB 14468","","PAL","Europe","","Switzerland","05ff2255-c38a-40c9-b657-4ccb55ab2feb","{""created"": 1361804679000, ""subDepartment"": ""ES Mollusca"", ""donorName"": ""Sir Hans Sloane"", ""chronostratigraphy"": ""Cretaceous"", ""determinationNames"": ""Ostracites maximus"", ""determinationFiledAs"": ""Yes"", ""associatedMediaCount"": 1}","","Phanerozoic","","Mesozoic","Cretaceous","","","","","","Europe; Switzerland","","","","NHMUK","","","Phanerozoic","","Mesozoic","Cretaceous","Nearest Named Place: Neuchatel","1644490194000","7ed88eb1-2ec5-474b-9798-7c668441cd41","present","","NHMUK:ecatalogue:2686420","","","","Ostracites maximus","","","","",""
"2716899","Occurrence","PI TB 14529","","PAL","Europe","","Russia","05ff2255-c38a-40c9-b657-4ccb55ab2feb","{""created"": 1365083193000, ""subDepartment"": ""ES Mollusca"", ""donorName"": ""Sir Hans Sloane"", ""catalogueDescription"": ""Complete"", ""chronostratigraphy"": ""Cenozoic"", ""determinationNames"": ""Cardium fittoni"", ""determinationFiledAs"": ""Yes"", ""associatedMediaCount"": 1}","","Phanerozoic","","Cenozoic","","","","","","","Europe; Russia","","","","NHMUK","","","Phanerozoic","","Cenozoic","","Nearest Named Place: South Russia","1644490051000","eedb98f2-d759-42f8-b03b-b88f375d7341","present","","NHMUK:ecatalogue:2716899","","","","Cardium fittoni","","","","",""
"2685307","Occurrence","PI OR 7428","","PAL","Europe","","Germany","05ff2255-c38a-40c9-b657-4ccb55ab2feb","{""created"": 1361359025000, ""subDepartment"": ""ES Arthropoda"", ""donorName"": ""Sir Hans Sloane"", ""catalogueDescription"": ""Petrified crustacea"", ""chronostratigraphy"": ""Jurassic"", ""lithostratigraphy"": ""(Upper Oolite)"", ""determinationNames"": ""Antrimpos speciosus M\u00fcnster"", ""associatedMediaCount"": 1}","","Phanerozoic","","Mesozoic","Jurassic","","","","","","Europe; Germany","","","","NHMUK","","","Phanerozoic","","Mesozoic","Jurassic","Bavaria; Solnhofen, Pappenheim","1644490798000","6992f145-d473-4926-be34-461bb04ffa64","present","","NHMUK:ecatalogue:2685307","","","","Antrimpos speciosus Mnster","","","","",""
"2683190","Occurrence","PV P 73132","","PAL","Europe","","Germany","05ff2255-c38a-40c9-b657-4ccb55ab2feb","{""created"": 1361284971000, ""subDepartment"": ""ES Fish"", ""donorName"": ""Sir Hans Sloane"", ""catalogueDescription"": ""Fish with the vertebrae very much raised"", ""determinationNames"": ""Pisces sp"", ""associatedMediaCount"": 2}","","","","","","","","Pisces","","","Europe; Germany","","","","NHMUK","","","","","","","Nearest Named Place: Eichstadt","1644490718000","fbce630b-66cf-459d-bafb-a4c043f5abb2","present","","NHMUK:ecatalogue:2683190","","","","Pisces sp","","sp","","",""
"2683289","Occurrence","PI CC 580","Cephalopoda","PAL","Europe","","United Kingdom","05ff2255-c38a-40c9-b657-4ccb55ab2feb","{""created"": 1361291217000, ""subDepartment"": ""ES Cephalopoda"", ""donorName"": ""Sir Hans Sloane"", ""catalogueDescription"": ""Medulla"", ""chronostratigraphy"": ""Jurassic, Early Jurassic"", ""lithostratigraphy"": ""Lias Group"", ""determinationNames"": ""Belemnites"", ""associatedMediaCount"": 1}","","Phanerozoic","Early Jurassic","Mesozoic","Jurassic","","","Belemnites","Lias Group","Animalia; Mollusca; Cephalopoda; Coleoidea; Belemnitida; Belemitina","Europe; United Kingdom; England; North Yorkshire","","","","NHMUK","Animalia","","Phanerozoic","Early Jurassic","Mesozoic","Jurassic","Township: Whitby","1644490834000","44767952-cedb-4c9a-b5fa-409a3fe0e176","present","Belemnitida","NHMUK:ecatalogue:2683289","Mollusca","","Field","Belemnites","","","England","",""
"2718891","Occurrence","PI BF 66","","PAL","Europe","","Switzerland","05ff2255-c38a-40c9-b657-4ccb55ab2feb","{""created"": 1365589905000, ""subDepartment"": ""ES Brachiopoda"", ""donorName"": ""Sir Hans Sloane"", ""catalogueDescription"": ""Complete"", ""chronostratigraphy"": ""Cretaceous, Early Cretaceous"", ""determinationNames"": [""Terebratula acuta"", ""Musculina acuta""], ""determinationFiledAs"": ""Yes"", ""associatedMediaCount"": 1}","","Phanerozoic","Early Cretaceous","Mesozoic","Cretaceous","","","","","","Europe; Switzerland","","","","NHMUK","","","Phanerozoic","Early Cretaceous","Mesozoic","Cretaceous","Nearest Named Place: Neuchatel","1644490436000","63c0ac24-726f-4cff-8ac5-d78bf5253762","present","","NHMUK:ecatalogue:2718891","","","","Terebratula acuta","","","","",""
"435838","Occurrence","PV OR 12","Mammalia","PAL","Europe","","United Kingdom","05ff2255-c38a-40c9-b657-4ccb55ab2feb","{""created"": 1219071076000, ""subDepartment"": ""ES Mammals"", ""donorName"": ""Sir Hans Sloane"", ""catalogueDescription"": ""DP4"", ""chronostratigraphy"": ""Quaternary, Pleistocene - Cenozoic"", ""determinationNames"": [""Mammuthus cf. primigenius (Blumenbach, 1799)"", ""Elephas primigenius Blumenbach 1799""]}","","Phanerozoic","Pleistocene","Cenozoic","Quaternary","Elephantidae","","Mammuthus","","Animalia; Mammalia; Proboscidea; Elephantidae","Europe; United Kingdom; England; Warwickshire","","","","NHMUK","Animalia","","Phanerozoic","","Cenozoic","","20 feet deep in a gravel pit near|Parish: Stratford-upon-Avon","1644490806000","d81791d8-a3d9-46bf-9721-03fa2c8518be","present","Proboscidea","NHMUK:ecatalogue:435838","","","","Mammuthus cf. primigenius (Blumenbach, 1799)","(Blumenbach, 1799)","cf. primigenius","England","",""
"467767","Occurrence","PV M 82405","Mammalia","PAL","Asia","","Russia","05ff2255-c38a-40c9-b657-4ccb55ab2feb","{""created"": 1233238472000, ""subDepartment"": ""ES Mammals"", ""collectionKind"": ""Mammals"", ""donorName"": ""Sir Hans Sloane"", ""catalogueDescription"": ""Right m3 (thick ridged variety)"", ""chronostratigraphy"": ""Quaternary, Pleistocene"", ""determinationNames"": [""Mammuthus primigenius (Blumenbach, 1799)"", ""Elephas primigenius Blumenbach 1799""], ""associatedMediaCount"": 5}","","Phanerozoic","Pleistocene","Cenozoic","Quaternary","Elephantidae","","Mammuthus","","Animalia; Chordata; Vertebrata; Mammalia; Proboscidea; Elephantidae","Asia; Russia","","","","NHMUK","Animalia","","Phanerozoic","Pleistocene","Cenozoic","Quaternary","","1644490514000","f186042b-3f6c-43dc-b570-bd876f91b4cb","present","Proboscidea","NHMUK:ecatalogue:467767","Chordata","","","Mammuthus primigenius (Blumenbach, 1799)","(Blumenbach, 1799)","primigenius","","",""
"2686424","Occurrence","PI OR 32207","","PAL","Europe","","France","05ff2255-c38a-40c9-b657-4ccb55ab2feb","{""created"": 1361805393000, ""subDepartment"": ""ES Mollusca"", ""donorName"": ""Sir Hans Sloane"", ""catalogueDescription"": ""Complete individual"", ""determinationFiledAs"": ""Yes"", ""associatedMediaCount"": 3}","","","","","","","","Trochus","","Animalia; Mollusca","Europe; France","","","","NHMUK","Animalia","","","","","","Paris Basin, Paris Basin","1644490415000","f0f780ba-09b6-4d60-9a54-889040cc6b47","present","","NHMUK:ecatalogue:2686424","Mollusca","","Field","","Lamarck, 1804","agglutinans","","",""
"2685690","Occurrence","PI OR 34082 (a)","","PAL","Europe","","Switzerland","05ff2255-c38a-40c9-b657-4ccb55ab2feb","{""created"": 1361375508000, ""subDepartment"": ""ES Echinodermata"", ""donorName"": ""Sir Hans Sloane"", ""catalogueDescription"": ""Completes"", ""chronostratigraphy"": ""Jurassic"", ""determinationNames"": [""Echinites spatagodes"", ""Toxaster complanatus""], ""associatedMediaCount"": 5}","","Phanerozoic","","Mesozoic","Jurassic","","","","","","Europe; Switzerland","","","","NHMUK","","","Phanerozoic","","Mesozoic","Jurassic","Nearest Named Place: Neuchatel","1644490566000","6a870e44-0076-4674-91f4-c47dfa3858e4","present","","NHMUK:ecatalogue:2685690","","","","Echinites spatagodes","","","","",""
"2686563","Occurrence","PI GG 25025","","PAL","","","","05ff2255-c38a-40c9-b657-4ccb55ab2feb","{""created"": 1361879115000, ""subDepartment"": ""ES Mollusca"", ""donorName"": ""Sir Hans Sloane"", ""catalogueDescription"": ""one complete individual"", ""determinationNames"": [""Coralliophila abbreviata (Lamarck,1816)"", ""Buccinum brevirostrum""], ""determinationFiledAs"": ""Yes"", ""associatedMediaCount"": 1}","","","","","","","","Coralliophila","","Mollusca","","","","","NHMUK","","","","","","","","1644490232000","e590764b-9ae2-4862-99b8-ad040ea3fe62","present","","NHMUK:ecatalogue:2686563","Mollusca","","","Coralliophila abbreviata (Lamarck,1816)","","abbreviata","","",""
"2683240","Occurrence","PI CC 628","Cephalopoda","PAL","Europe","","United Kingdom","05ff2255-c38a-40c9-b657-4ccb55ab2feb","{""created"": 1361288333000, ""subDepartment"": ""ES Cephalopoda"", ""donorName"": ""Sir Hans Sloane"", ""determinationNames"": ""Orthoceras regulare"", ""associatedMediaCount"": 1}","","","","","","","","Orthoceras","","Animalia; Mollusca; Cephalopoda","Europe; United Kingdom; England","","","","NHMUK","Animalia","","","","","","Yorkshire; Goathland","1644491030000","64409ef4-3dcf-426b-8e49-94f55ccc5b77","present","","NHMUK:ecatalogue:2683240","Mollusca","","","Orthoceras regulare","","regulare","England","",""
"2718771","Occurrence","PI OR 34082 (b)","","PAL","Europe","","Switzerland","05ff2255-c38a-40c9-b657-4ccb55ab2feb","{""created"": 1365518653000, ""subDepartment"": ""ES Echinodermata"", ""donorName"": ""Sir Hans Sloane"", ""catalogueDescription"": ""Completes"", ""chronostratigraphy"": ""Jurassic"", ""determinationNames"": [""Echinites spatagodes"", ""Toxaster complanatus""], ""associatedMediaCount"": 4}","","Phanerozoic","","Mesozoic","Jurassic","","","","","","Europe; Switzerland","","","","NHMUK","","","Phanerozoic","","Mesozoic","Jurassic","Nearest Named Place: Neuchatel","1644490550000","a95fb9a7-6df6-43a5-970d-950e0314f27a","present","","NHMUK:ecatalogue:2718771","","","","Echinites spatagodes","","","","",""
"2716906","Occurrence","PI MB 1135","","PAL","Europe","","United Kingdom","05ff2255-c38a-40c9-b657-4ccb55ab2feb","{""created"": 1365084179000, ""subDepartment"": ""ES Mollusca"", ""donorName"": ""Sir Hans Sloane"", ""catalogueDescription"": ""3 complete individual"", ""chronostratigraphy"": ""Jurassic, Early Jurassic, Sinemurian - Pliensbachian"", ""lithostratigraphy"": ""L. Lias Group"", ""determinationNames"": ""Cardinia attenuata (Stutchbury)"", ""determinationFiledAs"": ""Yes"", ""associatedMediaCount"": 1}","Sinemurian","Phanerozoic","Early Jurassic","Mesozoic","Jurassic","Cardiniidae","","Cardinia","Lias Group","Crassatellacea; Cardiniidae","Europe; United Kingdom; England; Northamptonshire","","Dr Noel J. Morris","","NHMUK","","Pliensbachian","Phanerozoic","Early Jurassic","Mesozoic","Jurassic","","1644490268000","d8586c53-31c9-4428-a402-49c2dec45ded","present","","NHMUK:ecatalogue:2716906","","","","Cardinia attenuata (Stutchbury)","(Stutchbury)","attenuata","England","",""
"2718832","Occurrence","PI BF 64","","PAL","Europe","","Switzerland","05ff2255-c38a-40c9-b657-4ccb55ab2feb","{""created"": 1365525244000, ""subDepartment"": ""ES Brachiopoda"", ""donorName"": ""Sir Hans Sloane"", ""catalogueDescription"": ""Complete"", ""chronostratigraphy"": ""Cretaceous, Early Cretaceous"", ""determinationNames"": [""Terebratula acuta"", ""Musculina acuta""], ""determinationFiledAs"": ""Yes"", ""associatedMediaCount"": 1}","","Phanerozoic","Early Cretaceous","Mesozoic","Cretaceous","","","","","","Europe; Switzerland","","","","NHMUK","","","Phanerozoic","Early Cretaceous","Mesozoic","Cretaceous","Nearest Named Place: Neuchatel","1644490481000","8b0bb1df-48b9-4267-926d-b7d632f559a2","present","","NHMUK:ecatalogue:2718832","","","","Terebratula acuta","","","","",""
"2686365","Occurrence","PI MB 1028","","PAL","","","","05ff2255-c38a-40c9-b657-4ccb55ab2feb","{""created"": 1361795275000, ""subDepartment"": ""ES Mollusca"", ""donorName"": ""Sir Hans Sloane"", ""catalogueDescription"": ""1complete individual"", ""chronostratigraphy"": ""Jurassic"", ""determinationNames"": ""Modiola imbricata"", ""associatedMediaCount"": 1}","","Phanerozoic","","Mesozoic","Jurassic","","","","","","","","Dr Noel J. Morris","","NHMUK","","","Phanerozoic","","Mesozoic","Jurassic","","1644490129000","ae27779a-2686-4590-91bc-bef015fe6ea3","present","","NHMUK:ecatalogue:2686365","","","","Modiola imbricata","","","","",""
"2716921","Occurrence","PI TG 26747","","PAL","","","","05ff2255-c38a-40c9-b657-4ccb55ab2feb","{""created"": 1365088080000, ""subDepartment"": ""ES Mollusca"", ""donorName"": ""Sir Hans Sloane"", ""catalogueDescription"": ""Complete"", ""chronostratigraphy"": ""Paleogene, Eocene, Bartonian"", ""determinationNames"": ""Voluta lima Sowerby"", ""associatedMediaCount"": 1}","Bartonian","Phanerozoic","Eocene","Cenozoic","Paleogene","","","","","","","","","","NHMUK","","Bartonian","Phanerozoic","Eocene","Cenozoic","Paleogene","","1644490346000","0333e04c-f41e-4f99-9dd0-4540b5c75239","present","","NHMUK:ecatalogue:2716921","","","","Voluta lima Sowerby","","","","",""
"2683126","Occurrence","PV P 73131","","PAL","","","","05ff2255-c38a-40c9-b657-4ccb55ab2feb","{""created"": 1361276857000, ""subDepartment"": ""ES Fish"", ""donorName"": ""Sir Hans Sloane"", ""catalogueDescription"": ""A fish petified in a gray stone"", ""determinationNames"": ""Pisces sp"", ""associatedMediaCount"": 1}","","","","","","","","Pisces","","","","","","","NHMUK","","","","","","","","1644490605000","1732b1b6-cd66-4105-8b55-be9814ceb3c0","present","","NHMUK:ecatalogue:2683126","","","","Pisces sp","","sp","","",""
"2683103","Occurrence","PV P 73125","Elasmobranchii","PAL","Europe","","Malta","05ff2255-c38a-40c9-b657-4ccb55ab2feb","{""created"": 1361274684000, ""subDepartment"": ""ES Fish"", ""donorName"": ""Sir Hans Sloane"", ""catalogueDescription"": ""tooth"", ""chronostratigraphy"": ""Neogene, Miocene"", ""determinationNames"": ""Carcharodon megalodon"", ""associatedMediaCount"": 1}","","Phanerozoic","Miocene","Cenozoic","Neogene","Otodontidae","","Carcharodon","","Elasmobranchii; Lamniformes; Otodontidae","Europe; Malta","","","","NHMUK","","","Phanerozoic","Miocene","Cenozoic","Neogene","","1644490697000","3c020507-3787-412d-89af-8da0c1fa953a","present","Lamniformes","NHMUK:ecatalogue:2683103","","","","Carcharodon megalodon","","megalodon","","",""
"2683117","Occurrence","PV P 73124","Elasmobranchii","PAL","Europe","","Malta","05ff2255-c38a-40c9-b657-4ccb55ab2feb","{""created"": 1361276261000, ""subDepartment"": ""ES Fish"", ""donorName"": ""Sir Hans Sloane"", ""catalogueDescription"": ""tooth"", ""chronostratigraphy"": ""Neogene, Miocene"", ""determinationNames"": ""Carcharodon megalodon"", ""associatedMediaCount"": 1}","","Phanerozoic","Miocene","Cenozoic","Neogene","Otodontidae","","Carcharodon","","Elasmobranchii; Lamniformes; Otodontidae","Europe; Malta","","","","NHMUK","","","Phanerozoic","Miocene","Cenozoic","Neogene","","1644490613000","adb044b1-d5df-443d-b325-9aaa9f43eb52","present","Lamniformes","NHMUK:ecatalogue:2683117","","","","Carcharodon megalodon","","megalodon","","",""
"2716896","Occurrence","PI TB 14527","","PAL","Europe","","Russia","05ff2255-c38a-40c9-b657-4ccb55ab2feb","{""created"": 1365083042000, ""subDepartment"": ""ES Mollusca"", ""donorName"": ""Sir Hans Sloane"", ""catalogueDescription"": ""Complete"", ""chronostratigraphy"": ""Cenozoic"", ""determinationNames"": ""Cardium fittoni"", ""determinationFiledAs"": ""Yes"", ""associatedMediaCount"": 1}","","Phanerozoic","","Cenozoic","","","","","","","Europe; Russia","","","","NHMUK","","","Phanerozoic","","Cenozoic","","Nearest Named Place: South Russia","1644489836000","50f52cf2-5bd9-4e34-b378-bcb656b5ea7b","present","","NHMUK:ecatalogue:2716896","","","","Cardium fittoni","","","","",""
"2716887","Occurrence","PI TB 14521","","PAL","Europe","","Russia","05ff2255-c38a-40c9-b657-4ccb55ab2feb","{""created"": 1365082095000, ""subDepartment"": ""ES Mollusca"", ""donorName"": ""Sir Hans Sloane"", ""catalogueDescription"": ""Complete"", ""chronostratigraphy"": ""Cenozoic"", ""determinationNames"": ""Cardium fittoni"", ""associatedMediaCount"": 1}","","Phanerozoic","","Cenozoic","","","","","","","Europe; Russia","","","","NHMUK","","","Phanerozoic","","Cenozoic","","Nearest Named Place: South Russia","1644489872000","57dddc84-639b-42f2-88aa-5230766f170f","present","","NHMUK:ecatalogue:2716887","","","","Cardium fittoni","","","","",""
"2716888","Occurrence","PI TB 14522","","PAL","Europe","","Russia","05ff2255-c38a-40c9-b657-4ccb55ab2feb","{""created"": 1365082218000, ""subDepartment"": ""ES Mollusca"", ""donorName"": ""Sir Hans Sloane"", ""catalogueDescription"": ""Complete"", ""chronostratigraphy"": ""Cenozoic"", ""determinationNames"": ""Cardium fittoni"", ""associatedMediaCount"": 1}","","Phanerozoic","","Cenozoic","","","","","","","Europe; Russia","","","","NHMUK","","","Phanerozoic","","Cenozoic","","Nearest Named Place: South Russia","1644490060000","04232d6d-0757-493c-b892-30cebea4478a","present","","NHMUK:ecatalogue:2716888","","","","Cardium fittoni","","","","",""
"2716885","Occurrence","PI TB 14519","","PAL","Europe","","Russia","05ff2255-c38a-40c9-b657-4ccb55ab2feb","{""created"": 1365081859000, ""subDepartment"": ""ES Mollusca"", ""donorName"": ""Sir Hans Sloane"", ""catalogueDescription"": ""Complete"", ""chronostratigraphy"": ""Cenozoic"", ""determinationNames"": ""Cardium fittoni"", ""associatedMediaCount"": 1}","","Phanerozoic","","Cenozoic","","","","","","","Europe; Russia","","","","NHMUK","","","Phanerozoic","","Cenozoic","","Nearest Named Place: South Russia","1644490039000","807c751d-acce-4d4c-9585-abcf05a1e8e4","present","","NHMUK:ecatalogue:2716885","","","","Cardium fittoni","","","","",""
"2686650","Occurrence","PI L 100001","","PAL","Europe","","United Kingdom","05ff2255-c38a-40c9-b657-4ccb55ab2feb","{""created"": 1361879588000, ""subDepartment"": ""ES Mollusca"", ""donorName"": ""Sir Hans Sloane"", ""catalogueDescription"": ""Complete individual"", ""chronostratigraphy"": ""Late Jurassic"", ""determinationNames"": ""Pectinites amphiotis"", ""associatedMediaCount"": 1}","","Phanerozoic","","Mesozoic","Jurassic","","","","","","Europe; United Kingdom; England","","","","NHMUK","","","Phanerozoic","","Mesozoic","Jurassic","Headington Hill, Headington Hill","1644489792000","182651fd-f76a-420c-92c6-30f0502d068f","present","","NHMUK:ecatalogue:2686650","","","","Pectinites amphiotis","","","England","",""
"2686827","Occurrence","PI TB 14465","","PAL","North America","","United States","05ff2255-c38a-40c9-b657-4ccb55ab2feb","{""created"": 1361893945000, ""subDepartment"": ""ES Mollusca"", ""donorName"": ""Sir Hans Sloane"", ""catalogueDescription"": ""Complete individual"", ""chronostratigraphy"": ""Neogene, Miocene"", ""determinationNames"": [""Isognomon conradi (d'Orbigny)"", ""Melina conradi""], ""associatedMediaCount"": 1}","","Phanerozoic","Miocene","Cenozoic","Neogene","","","Isognomon","","Mollusca","North America; United States; Maryland","","Dr Noel J. Morris","","NHMUK","","","Phanerozoic","Miocene","Cenozoic","Neogene","","1644490095000","a2668395-8e60-4831-ad97-c26112e498db","present","","NHMUK:ecatalogue:2686827","Mollusca","","","Isognomon conradi (d'Orbigny)","(d'Orbigny)","conradi","Maryland","",""
"2686351","Occurrence","PI MG 1457","","PAL","Europe","","United Kingdom","05ff2255-c38a-40c9-b657-4ccb55ab2feb","{""created"": 1361793432000, ""subDepartment"": ""ES Mollusca"", ""donorName"": ""Sir Hans Sloane"", ""catalogueDescription"": ""Complete"", ""chronostratigraphy"": ""Jurassic"", ""determinationNames"": ""Buccinites cinereus"", ""determinationFiledAs"": ""Yes"", ""associatedMediaCount"": 1}","","Phanerozoic","","Mesozoic","Jurassic","","","","","","Europe; United Kingdom; England","","Dr Noel J. Morris","","NHMUK","","","Phanerozoic","","Mesozoic","Jurassic","Nearest Named Place: River Humber","1644490085000","c20e24c0-deb8-469f-bbc8-fa4d4229ef9b","present","","NHMUK:ecatalogue:2686351","","","","Buccinites cinereus","","","England","",""
"2683230","Occurrence","PI CC 627","Cephalopoda","PAL","","","","05ff2255-c38a-40c9-b657-4ccb55ab2feb","{""created"": 1361287779000, ""subDepartment"": ""ES Cephalopoda"", ""donorName"": ""Sir Hans Sloane"", ""catalogueDescription"": ""belemnite"", ""chronostratigraphy"": ""Jurassic, Late Jurassic, Kimmeridgian"", ""determinationNames"": ""Belemnites"", ""associatedMediaCount"": 1}","Kimmeridgian","Phanerozoic","Late Jurassic","Mesozoic","Jurassic","","","Belemnites","","Animalia; Mollusca; Cephalopoda; Coleoidea; Belemnitida; Belemitina","","","","","NHMUK","Animalia","Kimmeridgian","Phanerozoic","Late Jurassic","Mesozoic","Jurassic","","1644490842000","da8ebabd-c460-4259-8da9-603cc0e10db1","present","Belemnitida","NHMUK:ecatalogue:2683230","Mollusca","","","Belemnites","","","","",""
"2686327","Occurrence","PI MG 1456","","PAL","","","","05ff2255-c38a-40c9-b657-4ccb55ab2feb","{""created"": 1361790033000, ""subDepartment"": ""ES Mollusca"", ""donorName"": ""Sir Hans Sloane"", ""catalogueDescription"": ""Almost complete"", ""chronostratigraphy"": ""Jurassic"", ""determinationNames"": ""Pleurotomaria"", ""determinationFiledAs"": ""Yes"", ""associatedMediaCount"": 1}","","Phanerozoic","","Mesozoic","Jurassic","","","Pleurotomaria","","","","","Dr Noel J. Morris","","NHMUK","","","Phanerozoic","","Mesozoic","Jurassic","","1644489785000","837f2acf-3a32-45ac-8a31-7997dff646f4","present","","NHMUK:ecatalogue:2686327","","","","Pleurotomaria","","","","",""
"2686964","Occurrence","PI AZ 10280","","PAL","","","","05ff2255-c38a-40c9-b657-4ccb55ab2feb","{""created"": 1361976946000, ""subDepartment"": ""ES Cnidaria"", ""donorName"": ""Sir Hans Sloane"", ""determinationNames"": ""Siphonodendron sp."", ""associatedMediaCount"": 1}","","","","","","","","","","","","","","","NHMUK","","","","","","","","1644490532000","299f6b0e-83b6-49b9-b4d6-31d4a38d7821","present","","NHMUK:ecatalogue:2686964","","","","Siphonodendron sp.","","","","",""
"2683184","Occurrence","PV P 73129","Chondrichthyes","PAL","","","","05ff2255-c38a-40c9-b657-4ccb55ab2feb","{""created"": 1361284689000, ""subDepartment"": ""ES Fish"", ""donorName"": ""Sir Hans Sloane"", ""catalogueDescription"": ""vertebra"", ""determinationNames"": ""Lamnidae"", ""associatedMediaCount"": 1}","","","","","","Lamnidae","","","","Animalia; Chordata; Vertebrata; Chondrichthyes; Elasmobranchii; Lamniformes; Lamnidae","","","","","NHMUK","Animalia","","","","","","","1644490593000","71f6f375-e74d-42ea-8277-45dc6f84cbda","present","Lamniformes","NHMUK:ecatalogue:2683184","Chordata","","","Lamnidae","Mller & Henle, 1838","","","",""
"2683122","Occurrence","PV P 73133","Elasmobranchii","PAL","Europe","","Malta","05ff2255-c38a-40c9-b657-4ccb55ab2feb","{""created"": 1361276480000, ""subDepartment"": ""ES Fish"", ""donorName"": ""Sir Hans Sloane"", ""catalogueDescription"": ""tooth"", ""chronostratigraphy"": ""Neogene, Miocene"", ""determinationNames"": ""Carcharodon megalodon"", ""associatedMediaCount"": 1}","","Phanerozoic","Miocene","Cenozoic","Neogene","Otodontidae","","Carcharodon","","Elasmobranchii; Lamniformes; Otodontidae","Europe; Malta","","","","NHMUK","","","Phanerozoic","Miocene","Cenozoic","Neogene","","1644490639000","ee090bb9-4144-4296-9cde-b307cdde0b51","present","Lamniformes","NHMUK:ecatalogue:2683122","","","","Carcharodon megalodon","","megalodon","","",""
"2683171","Occurrence","PI AZ 10278","","PAL","","","","05ff2255-c38a-40c9-b657-4ccb55ab2feb","{""created"": 1361283280000, ""subDepartment"": ""ES Cnidaria"", ""donorName"": ""Sir Hans Sloane"", ""catalogueDescription"": ""Coral"", ""determinationNames"": ""Lapis astroites"", ""determinationFiledAs"": ""Yes"", ""associatedMediaCount"": 1}","","","","","","","","","","","","","","","NHMUK","","","","","","","","1644490525000","da2b9e97-3f78-4fb8-8d51-42b93265d1ca","present","","NHMUK:ecatalogue:2683171","","","","Lapis astroites","","","","",""
"2716893","Occurrence","PI TB 14525","","PAL","Europe","","Russia","05ff2255-c38a-40c9-b657-4ccb55ab2feb","{""created"": 1365082645000, ""subDepartment"": ""ES Mollusca"", ""donorName"": ""Sir Hans Sloane"", ""catalogueDescription"": ""Complete"", ""chronostratigraphy"": ""Cenozoic"", ""determinationNames"": ""Cardium fittoni"", ""determinationFiledAs"": ""Yes"", ""associatedMediaCount"": 1}","","Phanerozoic","","Cenozoic","","","","","","","Europe; Russia","","","","NHMUK","","","Phanerozoic","","Cenozoic","","Nearest Named Place: South Russia","1644489824000","96d9b2ed-7517-4b68-b09a-e44871a4f3c7","present","","NHMUK:ecatalogue:2716893","","","","Cardium fittoni","","","","",""
"2716891","Occurrence","PI TB 14523","","PAL","Europe","","Russia","05ff2255-c38a-40c9-b657-4ccb55ab2feb","{""created"": 1365082352000, ""subDepartment"": ""ES Mollusca"", ""donorName"": ""Sir Hans Sloane"", ""catalogueDescription"": ""Complete"", ""chronostratigraphy"": ""Cenozoic"", ""determinationNames"": ""Cardium fittoni"", ""associatedMediaCount"": 1}","","Phanerozoic","","Cenozoic","","","","","","","Europe; Russia","","","","NHMUK","","","Phanerozoic","","Cenozoic","","Nearest Named Place: South Russia","1644490024000","4357f55a-9bde-4edc-8dfb-aae936d2f005","present","","NHMUK:ecatalogue:2716891","","","","Cardium fittoni","","","","",""
"2716898","Occurrence","PI TB 14528","","PAL","Europe","","Russia","05ff2255-c38a-40c9-b657-4ccb55ab2feb","{""created"": 1365083070000, ""subDepartment"": ""ES Mollusca"", ""donorName"": ""Sir Hans Sloane"", ""catalogueDescription"": ""Complete"", ""chronostratigraphy"": ""Cenozoic"", ""determinationNames"": ""Cardium fittoni"", ""determinationFiledAs"": ""Yes"", ""associatedMediaCount"": 1}","","Phanerozoic","","Cenozoic","","","","","","","Europe; Russia","","","","NHMUK","","","Phanerozoic","","Cenozoic","","Nearest Named Place: South Russia","1644489843000","08ac7147-abee-4551-a89e-ba9855e08545","present","","NHMUK:ecatalogue:2716898","","","","Cardium fittoni","","","","",""
"2686411","Occurrence","PI TB 14469","","PAL","Europe","","Russia","05ff2255-c38a-40c9-b657-4ccb55ab2feb","{""created"": 1361803362000, ""subDepartment"": ""ES Mollusca"", ""donorName"": ""Sir Hans Sloane"", ""catalogueDescription"": ""Complete"", ""chronostratigraphy"": ""Cenozoic"", ""determinationNames"": ""Cardium fittoni"", ""associatedMediaCount"": 1}","","Phanerozoic","","Cenozoic","","","","","","","Europe; Russia","","","","NHMUK","","","Phanerozoic","","Cenozoic","","Nearest Named Place: South Russia","1644490069000","bd8b4cf5-d59c-4c76-89b7-aff922928e33","present","","NHMUK:ecatalogue:2686411","","","","Cardium fittoni","","","","",""
"2716876","Occurrence","PI TB 14517","","PAL","Europe","","Russia","05ff2255-c38a-40c9-b657-4ccb55ab2feb","{""created"": 1365080394000, ""subDepartment"": ""ES Mollusca"", ""donorName"": ""Sir Hans Sloane"", ""catalogueDescription"": ""Complete"", ""chronostratigraphy"": ""Cenozoic"", ""determinationNames"": ""Cardium fittoni"", ""associatedMediaCount"": 1}","","Phanerozoic","","Cenozoic","","","","","","","Europe; Russia","","","","NHMUK","","","Phanerozoic","","Cenozoic","","Nearest Named Place: South Russia","1644490078000","759eff17-5b74-4921-a300-1dec25152f18","present","","NHMUK:ecatalogue:2716876","","","","Cardium fittoni","","","","",""
"2683210","Occurrence","PI OR 90033","","PAL","Europe","","United Kingdom","05ff2255-c38a-40c9-b657-4ccb55ab2feb","{""created"": 1361286045000, ""subDepartment"": ""ES Cnidaria"", ""donorName"": ""Sir Hans Sloane"", ""determinationNames"": ""Madrepora""}","","","","","","","","Madrepora","","","Europe; United Kingdom; England","","","","NHMUK","","","","","","","Yorkshire","1644490538000","f071322d-f7d2-45dc-8f4e-23fcacc996a0","present","","NHMUK:ecatalogue:2683210","","","","Madrepora","","","England","",""
"2170542","Occurrence","PV R 1587","","PAL","Asia","","Turkey","05ff2255-c38a-40c9-b657-4ccb55ab2feb","{""created"": 636249600000, ""subDepartment"": ""ES Reptiles"", ""donorName"": ""Sir Hans Sloane"", ""catalogueDescription"": ""complete shell"", ""chronostratigraphy"": ""Paleogene - Neogene"", ""determinationNames"": [""Testudo sloanei"", ""Testudo sloanei"", ""Testudo sloanei"", ""Testudo sloanei""], ""associatedMediaCount"": 1}","","Phanerozoic","","Cenozoic","Paleogene","","","Testudo","","","Asia; Turkey","","Richard Lydekker","","NHMUK","","","Phanerozoic","","Cenozoic","Neogene","","1644490868000","628a1788-0296-433c-a5a4-72dcdf388a31","present","","NHMUK:ecatalogue:2170542","","Dr  Massy","","Testudo sloanei","","sloanei","","","HOLOTYPE"
"2686395","Occurrence","PI MB 1031","Bivalvia","PAL","Europe","","","05ff2255-c38a-40c9-b657-4ccb55ab2feb","{""created"": 1361800083000, ""subDepartment"": ""ES Mollusca"", ""donorName"": ""Sir Hans Sloane"", ""catalogueDescription"": ""Impresion of striaid pectin"", ""chronostratigraphy"": ""Cretaceous"", ""lithostratigraphy"": ""Chalk Group"", ""determinationNames"": ""Pecten sp."", ""determinationFiledAs"": ""Yes"", ""associatedMediaCount"": 1}","","Phanerozoic","","Mesozoic","Cretaceous","Pectinidae","","Pecten","Chalk Group","Mollusca; Bivalvia; Pectinidae","Europe","","Dr Noel J. Morris","","NHMUK","","","Phanerozoic","","Mesozoic","Cretaceous","Hungary, Austria; Creisbach","1644490217000","87cb1dfd-9c5b-4cb4-90fc-fca389b41f99","present","","NHMUK:ecatalogue:2686395","Mollusca","","","Pecten sp.","","sp.","","",""
"2686336","Occurrence","PI MB 1023","Bivalvia","PAL","","","","05ff2255-c38a-40c9-b657-4ccb55ab2feb","{""created"": 1361791231000, ""subDepartment"": ""ES Mollusca"", ""donorName"": ""Sir Hans Sloane"", ""catalogueDescription"": ""Still in matrix"", ""chronostratigraphy"": ""Jurassic"", ""determinationNames"": ""Pecten sp."", ""determinationFiledAs"": ""Yes"", ""associatedMediaCount"": 1}","","Phanerozoic","","Mesozoic","Jurassic","Pectinidae","","Pecten","","Mollusca; Bivalvia; Pectinidae","","","Dr Noel J. Morris","","NHMUK","","","Phanerozoic","","Mesozoic","Jurassic","","1644490171000","6e535ed7-33e7-42ed-9964-704a27719e05","present","","NHMUK:ecatalogue:2686336","Mollusca","","","Pecten sp.","","sp.","","",""
